id,topic_en,topic_ko,keywords
how_to_order,How to use a Japanese Ramen Vending Machine like a pro,일본 라멘 자판기 주문법 및 현지인처럼 주문하는 팁,ramen ticket machine, how to order ramen, Japan food etiquette
ramen_types_101,The 4 Pillars of Ramen: Tonkotsu Shoyu Miso and Shio,라멘의 4대 분류 완벽 정리: 돈코츠 쇼유 미소 시오,ramen flavors, types of ramen, ramen 101
regional_best_5,Top 5 Regional Ramen Styles You Must Try in Japan,일본 여행 시 꼭 먹어봐야 할 지역별 라멘 스타일 베스트 5,Hakata ramen, Sapporo ramen, regional ramen styles
ramen_etiquette,Slurping and Manners: Japanese Ramen Dining Etiquette,일본 라멘 에티켓: 면 치기 소리와 올바른 식사 매너,ramen manners, slurping noodles, dining in Japan
essential_toppings,Guide to Ramen Toppings: From Ajitama to Chashu,라멘 토핑 완벽 가이드: 아지타마에서 차슈까지 더 맛있게 즐기는 법,ramen toppings, ajitama egg, chashu, menma
tsukemen_art,How to eat Tsukemen: The ultimate dipping noodle guide,츠케멘 맛있게 먹는 법: 찍어 먹는 라멘의 매력을 200% 즐기기,tsukemen guide, dipping noodles, how to eat tsukemen
history_of_ramen,The evolution of Ramen: From China to Japan's Soul Food,라멘의 역사: 중국에서 건너와 일본의 소울 푸드가 되기까지,history of ramen, ramen origin, Japanese food culture
ramen_jargon,Common Ramen Shop Jargon and Customization Terms,라멘집 필수 용어: 카에다마부터 면 삶기 조절까지,ramen jargon, kaedama, ramen customization
vegan_ramen_japan,Finding the best Vegan and Vegetarian Ramen in Japan,일본에서 채식 및 비건 라멘 맛집을 찾는 노하우,vegan ramen Japan, vegetarian ramen Tokyo
healthy_ramen_tips,Is Ramen Healthy? Tips for a balanced Ramen meal,라멘을 건강하게 먹는 법: 칼로리와 영양 밸런스 팁,is ramen healthy, ramen calories, balanced meal
yokohama_iekei,Yokohama Iekei Ramen: The rich fusion of pork and soy,요코하마 이에케이 라멘: 돈코츠와 쇼유의 강렬한 만남,Iekei ramen, Yokohama food, rich ramen
solo_traveler_ramen,Best Ramen spots for Solo Travelers in Tokyo,혼자 여행하는 사람을 위한 도쿄 라멘 맛집과 혼밥 팁,solo dining Tokyo, ramen for solo travelers
late_night_culture,Late-night Ramen: Exploring Japan's midnight food culture,일본의 심야 라멘 문화: 술자리 후의 완벽한 마무리 '시메',late night ramen, Japan nightlife food, midnight snacks
ramen_prices,How much does Ramen cost? A budget guide for travelers,일본 라멘 가격은 얼마일까? 여행자를 위한 예산 가이드,ramen price Japan, budget food Japan
instant_vs_shop,Artisanal vs Instant: What makes restaurant ramen special?,인스턴트와 장인 라멘의 차이: 육수에 숨겨진 비밀,instant noodles vs ramen shop, ramen artisan
family_friendly_ramen,Family-friendly Ramen shops with kids' menus in Japan,아이와 함께 가기 좋은 일본 라멘 체인점과 메뉴 추천,family friendly restaurant Japan, ramen with kids
seasonal_ramen,Seasonal Ramen: Hiyashi Chuka and Winter Specials,일본의 계절별 한정 라멘: 히야시 츄카부터 겨울 미소까지,seasonal ramen, hiyashi chuka, winter food Japan
ramen_and_drink,The best drinks to pair with your Ramen: Beer or Sake?,라멘과 가장 잘 어울리는 음료: 맥주일까 사케일까?,ramen pairing, beer and ramen, sake
hidden_gems_tips,How to find hidden local Ramen gems off the tourist path,관광객 없는 현지인 라멘 맛집을 찾는 나만의 비법,hidden gems Japan, local ramen shops
ramen_souvenir,Top Ramen Souvenirs: Best instant packs to take home,일본 여행 선물로 좋은 프리미엄 인스턴트 라멘 베스트,ramen souvenirs, best instant ramen Japan, gift ideas
ramen_noodle_science,The Science of Ramen Noodles: Kansui and Wheat,라멘 면의 과학: 간수와 밀가루가 만드는 쫄깃함의 비밀,ramen noodles, kansui, noodle making, food science
ajitama_secrets,The Secret to the Perfect Ramen Egg (Ajitama),입안에서 녹는 아지타마(맛달걀)의 비밀과 레시피,ajitama, ramen egg, soft boiled egg, marinated egg
chashu_styles,Comparing Chashu Styles: Rolled Braised and Roasted,차슈의 다양한 스타일: 삼겹살부터 목살까지 완벽 분석,chashu, braised pork, ramen toppings, pork belly
miso_deep_dive,Exploring Miso Ramen: Red White and Blended Varieties,미소 라멘의 깊은 세계: 적미소 백미소 혼합 미소의 차이,miso ramen, red miso, white miso, Sapporo miso
shoyu_origins,The Elegance of Shoyu Ramen: Regional Soy Sauce Bases,쇼유 라멘의 품격: 일본 지역별 간수 베이스의 특징,shoyu ramen, soy sauce ramen, Tokyo ramen, dashi
shio_refinement,Mastering Shio Ramen: The purest expression of broth,시오 라멘의 미학: 소금으로 완성하는 가장 깔끔한 육수,shio ramen, salt ramen, delicate broth, Hakodate
tonkotsu_intensity,Understanding Tonkotsu: The power of the pork bone,돈코츠 라멘의 강렬함: 돼지 뼈 육수의 농도와 풍미,tonkotsu ramen, pork bone broth, Kyushu ramen, Hakata
abura_soba_guide,Abura Soba: The delicious world of brothless ramen,국물 없는 라멘의 유혹: 아부라 소바를 즐기는 법,abura soba, soupless ramen, Tokyo food, mixed noodles
mazesoba_trend,Taiwan Mazesoba: A spicy and savory Nagoya specialty,타이완 마제소바: 나고야에서 시작된 중독성 강한 비빔 라멘,mazesoba, Taiwan ramen, Nagoya food, spicy noodles
tori_paitan_craze,Tori Paitan: The creamy chicken alternative to Tonkotsu,토리파이탄의 인기: 돈코츠보다 부드러운 닭 백탕 라멘의 매력,tori paitan, chicken ramen, creamy broth, white chicken soup
tantanmen_spice,Japanese Tantanmen: The spicy sesame sensation,일본식 탄탄멘: 매콤하고 고소한 참깨 베이스의 향연,tantanmen, dandan noodles, spicy ramen, sesame broth
ramen_ranking_sites,How to use Ramen Database and Tabelog like a local,일본 현지인처럼 라멘 DB와 타베로그로 맛집 찾는 법,Tabelog, Ramen Database, food reviews Japan, finding restaurants
 Michelin_ramen_tokyo,Michelin-starred Ramen in Tokyo: Is it worth the wait?,도쿄 미슐랭 스타 라멘 맛집: 기다릴 가치가 있을까?,Michelin ramen, Tokyo Michelin, gourmet ramen, Tsuta
ramen_museum_guide,Visiting the Shin-Yokohama Raumen Museum,신요코하마 라멘 박물관 가이드: 전 세계 라멘을 한곳에서,Ramen Museum, Yokohama travel, ramen history
tokyo_ramen_street,A Foodie's Guide to Tokyo Ramen Street,도쿄역 라멘 스트리트 정복 가이드: 놓쳐선 안 될 맛집,Tokyo Ramen Street, Tokyo Station, ramen hopping
kyoto_ramen_culture,The unique heavy broth culture of Kyoto Ramen,교토 라멘의 특징: 맑은 도시 속에 숨겨진 진한 육수 문화,Kyoto ramen, Tenkaippin, Kyoto food culture
sapporo_miso_legend,The birth of Miso Ramen in Sapporo,미소 라멘의 발상지 삿포로: 전설의 시작과 추천 가게,Sapporo ramen, miso origins, Hokkaido travel
hakata_thin_noodles,Why Hakata Ramen uses ultra-thin noodles,하카타 라멘은 왜 극세면을 사용할까? 면 굵기의 비밀,Hakata ramen, thin noodles, ramen culture, Fukuoka
yokohama_sanmamen,Sanmamen: Yokohama's local vegetable-rich ramen,산마멘: 요코하마 현지인이 사랑하는 채소 듬뿍 라멘,Sanmamen, Yokohama specialty, vegetable ramen
wakayama_ramen_style,Wakayama Ramen: The perfect balance of soy and pork,와카야마 라멘 가이드: 간장과 돈코츠의 완벽한 밸런스,Wakayama ramen, ide shoten, regional styles
onimichi_fish_broth,Onomichi Ramen: The distinct seafood and lard flavor,오노미치 라멘: 세토 내해의 해산물과 등지방의 조화,Onomichi ramen, seafood ramen, Hiroshima travel
tokushima_raw_egg,Tokushima Ramen: Sweet pork and the raw egg topping,도쿠시마 라멘: 달콤한 돼지 고기와 날달걀의 독특한 만남,Tokushima ramen, raw egg ramen, Shikoku travel
nagasaki_champon_vs_ramen,Nagasaki Champon vs Ramen: What is the difference?,나가사키 짬뽕과 라멘의 차이: 재료와 면의 비밀,Nagasaki Champon, ramen vs champon, Nagasaki food
kitakata_wide_noodles,Kitakata Ramen: The comfort of hand-cut wide noodles,키타카타 라멘: 쫄깃한 수타 넓은 면이 주는 위로,Kitakata ramen, hand-cut noodles, Fukushima travel
asahikawa_oily_layer,Asahikawa Ramen: The soy broth with a layer of oil,아사히카와 라멘: 추위를 이기는 기름진 쇼유 육수의 매력,Asahikawa ramen, Hokkaido ramen, oily broth
hakodate_clear_shio,Hakodate Shio Ramen: The clearest soup in Japan,하코다테 시오 라멘: 일본에서 가장 투명한 소금 육수,Hakodate ramen, shio ramen, clear soup
ramen_vending_machine_restaurants,High-tech Ramen: Vending machine robot chefs,로봇이 끓여주는 라멘? 일본의 하이테크 라멘 자판기 식당,robot ramen, high-tech dining, vending machine food
ramen_and_rice_sets,Why Japanese people eat Ramen with a bowl of rice,라멘과 밥을 같이 먹는 이유: 탄수화물 폭탄의 즐거움,ramen and rice, Gohan set, Japanese eating habits
ramen_festivals_japan,Ultimate Guide to Ramen Festivals in Japan,일본 전국 라멘 축제 가이드: 한곳에서 맛보는 전국의 맛,ramen festivals, Tokyo Ramen Show, food events Japan
female_solo_ramen,Is it okay for women to eat ramen alone in Japan?,일본에서 여성이 혼자 라멘을 먹는 것은 어떨까? 추천 가게와 팁,female solo travel, ramen for women, solo dining
ramen_noodle_firmness,Understanding Noodle Firmness: From Barikata to Yawa,면 삶기 조절 가이드: 바리카타부터 야와까지 내 취향 찾기,noodle firmness, barikata, ramen ordering
ramen_soup_drinking_debate,To drink or not to drink the Ramen soup?,라멘 국물, 다 마셔도 될까? 건강과 예절 사이의 논쟁,ramen soup, drinking broth, sodium in ramen
ramen_ordering_hacks,Advanced Customization: Using the secret menu,라멘 주문 해킹: 단골들만 아는 비밀 커스텀 메뉴 이용법,ramen hacks, custom ordering, secret menu
ramen_queue_etiquette,Rules for waiting in a famous Ramen shop line,유명 라멘집 줄 서기 규칙: 매너 있는 대기 방법,ramen queue, waiting in line, shop rules
ramen_and_beer_pairing,The science of pairing Beer with oily Ramen,기름진 라멘과 맥주 페팅의 과학: 왜 환상의 궁합일까?,ramen and beer, pairing guide, Izakaya ramen
instant_ramen_hacks,How to upgrade your Instant Ramen to gourmet level,인스턴트 라멘을 요리사 수준으로 업그레이드하는 팁,instant ramen hacks, gourmet ramen, home cooking
top_5_convenience_store_ramen,Top 5 Convenience Store Ramen in Japan,일본 편의점(세븐일레븐, 로손) 추천 라멘 베스트 5,convenience store ramen, Seven Eleven, Lawson, cup noodles
ramen_gift_boxes,Premium Ramen Gift Boxes: Bringing the shop home,유명 라멘집의 맛을 그대로: 프리미엄 라멘 선물 세트 추천,ramen gifts, souvenir ramen, shopping Japan
ramen_diet_options,Low-carb and Konjac Ramen: Dieting in Japan,다이어터를 위한 라멘: 저탄수화물 및 곤약 면 옵션 찾기,low carb ramen, konjac noodles, healthy ramen
ramen_spiciness_levels,Navigating Spiciness Levels in Japanese Ramen,일본 라멘의 매운맛 단계 정복하기: 북극 라멘 도전기,spicy ramen, Nakamoto, spice levels
ramen_shop_interior_styles,From Traditional Yatai to Modern Ramen Bars,포장마차부터 모던 바까지: 일본 라멘집 인테리어의 진화,ramen shop design, yatai, modern ramen
ramen_chef_training,The life of a Ramen Shugyo (Apprentice Chef),라멘 장인의 길: 견습 요리사의 고된 훈련과 철학,ramen chef, apprentice, shugyo, craftsmanship
ramen_and_anime_culture,Ramen in Anime: From Naruto to Ponyo,애니메이션 속 라멘: 나루토부터 포뇨까지 사랑받는 메뉴,Naruto ramen, anime food, pop culture
ramen_for_breakfast,Asari Ramen: The morning ramen culture in Japan,아침에 먹는 라멘 '아사라': 일본의 조식 라멘 문화,morning ramen, breakfast in Japan, light ramen
ramen_and_sake_tasting,Can you pair Sake with Ramen? A sommelier's view,사케와 라멘의 페어링? 전문가가 말하는 의외의 조합,sake pairing, ramen and sake, sommelier tips
cold_ramen_summer,Hiyashi Chuka vs Tsukemen: Summer Ramen Guide,여름 라멘 가이드: 히야시 츄카와 츠케멘의 차이와 매력,cold ramen, hiyashi chuka, summer food Japan
ramen_bowl_design,The significance of Ramen Bowl patterns and shapes,라멘 그릇 문양과 형태에 담긴 의미와 디자인의 세계,ramen bowl, donburi, patterns, Japanese design
ramen_spoons_and_utensils,Why are Ramen spoons so big? A guide to utensils,라멘 숟가락은 왜 그렇게 클까? 전용 식기 가이드,ramen spoon, renge, utensils, eating guide
ramen_inflation_prices,Is the 1000 yen Ramen wall breaking?,1000엔의 벽이 무너진다? 최근 일본 라멘 가격 상승의 이유,ramen inflation, food prices Japan, 1000 yen wall
ramen_and_social_media,Instagrammable Ramen: Shops with amazing visuals,인스타그래머블 라멘: 비주얼로 압도하는 도쿄 맛집들,Instagram ramen, food photography, visual ramen
ramen_delivery_apps,How to use UberEats and Demae-can for Ramen,일본에서 우버이츠와 데마에칸으로 라멘 배달시키는 법,ramen delivery, UberEats Japan, food apps
ramen_chain_vs_independent,Large Chains vs Small Independent Ramen Shops,대형 체인점 vs 독립 라멘 전문점: 각각의 장단점 비교,ramen chains, independent shops, Ichiran vs local
ramen_for_tourists_tips,Avoid common mistakes when visiting Ramen shops,여행자가 라멘집에서 자주 하는 실수와 주의사항 5가지,tourist tips, ramen mistakes, travel guide Japan
ramen_noodle_disposal_manners,How to dispose of Ramen soup properly in Japan,남은 라멘 국물을 올바르게 처리하는 매너와 문화,leftover soup, environmental tips, dining manners
ramen_smell_on_clothes,How to get rid of Ramen smell from your clothes,옷에 밴 라멘 냄새를 효과적으로 제거하는 팁,ramen smell, laundry tips, travel hacks
ramen_after_drinking,The science of why we crave Ramen after alcohol,술 마신 후 왜 라멘이 당길까? 알코올과 탄수화물의 관계,hangover food, craving ramen, science of eating
ramen_making_workshop,Join a Ramen making class in Tokyo and Kyoto,도쿄와 교토에서 즐기는 라멘 만들기 체험 클래스,ramen workshop, cooking class Japan, making noodles
ramen_business_success,What makes a Ramen shop successful in Japan?,일본에서 라멘집이 성공하는 비결: 맛 마케팅 입지의 조화,ramen business, restaurant management, success secrets
ramen_and_ramyeon_difference,Japanese Ramen vs Korean Ramyeon: Key Differences,일본 라멘과 한국 라면의 결정적 차이점 분석,ramen vs ramyeon, Japanese vs Korean noodles, food comparison
ramen_broth_concentration,Understanding 'Kotteri' and 'Assari' broth,코테리와 앗사리: 라멘 육수의 농도를 결정하는 용어 이해하기,kotteri, assari, broth concentration, ramen style
ramen_water_quality,The importance of water quality in Ramen making,라멘 맛을 결정하는 숨은 주역: 물의 경도와 수질의 중요성,water quality, ramen making, ingredients, dashi
ramen_and_gyoza_pairing,The ultimate side dish: Why Gyoza is the best partner,최고의 사이드 메뉴: 만두(교자)가 라멘의 단짝인 이유,ramen and gyoza, side dishes, gyoza pairing
ramen_seasonal_limited,Hunting for limited edition seasonal Ramen bowls,한정판 라멘을 찾아서: 시즌별로만 맛볼 수 있는 특별한 메뉴,limited edition ramen, seasonal food, food hunting
ramen_packaging_design,Artistic Instant Ramen packaging in Japan,일본 인스턴트 라멘의 예술적인 패키지 디자인 세계,packaging design, instant ramen, Japanese art
ramen_for_athletes,Is Ramen a good pre-workout or post-workout meal?,운동선수를 위한 라멘: 운동 전후 식사로 적합할까?,athlete diet, pre-workout meal, ramen nutrition
ramen_and_coffee_pairing,Coffee after Ramen? Exploring the flavor transition,라멘 먹고 커피 한 잔? 맛의 조화와 미각의 변화,ramen and coffee, food pairing, flavor science
ramen_shop_queuing_apps,Using apps to skip the line at famous Ramen shops,줄 서지 않고 라멘 먹기: 대기 예약 앱 활용 가이드,line skipping apps, restaurant booking, travel hacks
ramen_for_cold_weather,The best Ramen to eat during Japan's snowy winter,일본의 눈 내리는 겨울에 먹기 좋은 가장 따뜻한 라멘 추천,winter ramen, comfort food, hot soup
ramen_and_green_tea,Green tea at Ramen shops: Cleansing the palate,라멘집의 녹차와 얼음물: 입안을 깔끔하게 헹궈주는 역할,green tea, palate cleanser, drinking water Japan
ramen_noodle_yellow_color,Why are some Ramen noodles so yellow?,어떤 라멘 면은 왜 그렇게 노란색을 띨까? 비타민과 간수의 비밀,yellow noodles, kansui, food coloring, vitamin B2
ramen_shop_souvenirs,T-shirts and Merch: Buying Ramen shop souvenirs,라멘집 굿즈: 티셔츠와 기념품을 살 수 있는 유명 가게들,ramen merch, t-shirts, souvenirs, brand goods
ramen_and_seafood_toppings,Exploring seafood toppings beyond the Chashu,차슈 말고 해산물! 라멘에 들어가는 다양한 바다의 맛,seafood ramen, shrimp topping, scallop ramen
ramen_vending_machine_culture,The unique history of Ramen vending machines,일본 라멘 자판기 문화의 역사와 향수를 자극하는 명소들,vending machine history, nostalgic Japan, retro food
ramen_for_celebrations,Special Ramen bowls for birthdays and holidays,생일이나 축제 날 먹는 특별한 축하 라멘 메뉴들,celebration food, special ramen, birthday meal
ramen_and_cheese_trend,Cheese Ramen: The creamy fusion trend in Japan,라멘에 치즈를? 일본에서 유행하는 크리미한 퓨전 라멘들,cheese ramen, fusion food, food trends Japan
ramen_noodle_length,Does the length of the Noodle matter?,라멘 면의 길이에 담긴 비밀: 먹기 편한 최적의 길이는?,noodle length, eating comfort, ramen science
ramen_shop_opening_hours,Navigating 'Lunch only' and 'Late night' shops,점심만 영업하는 곳과 밤에만 여는 곳: 라멘집 영업시간 팁,opening hours, lunch only, travel planning
ramen_and_umami_science,The chemical secret of Umami in Ramen broth,라멘 육수 속 감칠맛의 화학적 비밀: 글루탐산과 이노신산,umami science, ramen broth, flavor chemistry
ramen_art_photography,Tips for taking professional Ramen photos for SNS,SNS를 위한 프로페셔널한 라멘 사진 촬영 기법 5가지,food photography, instagram tips, ramen photos